,0
2020-01-01,10000.0
2020-01-02,10000.0
2020-01-03,10000.0
2020-01-04,10000.0
2020-01-05,10000.0
2020-01-06,10000.0
2020-01-07,10000.0
2020-01-08,10000.0
2020-01-09,10000.0
2020-01-10,10000.0
2020-01-11,10000.0
2020-01-12,10000.0
2020-01-13,10000.0
2020-01-14,10000.0
2020-01-15,10000.0
2020-01-16,10000.0
2020-01-17,10000.0
2020-01-18,10000.0
2020-01-19,10000.0
2020-01-20,10000.0
2020-01-21,10000.0
2020-01-22,10000.0
2020-01-23,10000.0
2020-01-24,10000.0
2020-01-25,10000.0
2020-01-26,10000.0
2020-01-27,10000.0
2020-01-28,10000.0
2020-01-29,10000.0
2020-01-30,10000.0
2020-01-31,9999.99968835548
2020-02-01,10000.003428845479
2020-02-02,10000.003428845479
2020-02-03,10000.003086085719
2020-02-04,10000.002003796968
2020-02-05,10000.002003796968
2020-02-06,10000.00168239899
2020-02-07,10000.012163602807
2020-02-08,10000.012568247515
2020-02-09,10000.018100283824
2020-02-10,10000.013249217609
2020-02-11,10000.02510574757
2020-02-12,10000.024808331254
2020-02-13,10000.026820282825
2020-02-14,10000.036994649125
2020-02-15,10000.036735461925
2020-02-16,10000.033321155748
2020-02-17,10000.033321155748
2020-02-18,10000.033321155748
2020-02-19,10000.033321155748
2020-02-20,10000.033321155748
2020-02-21,10000.033321155748
2020-02-22,10000.033321155748
2020-02-23,10000.033321155748
2020-02-24,10000.033321155748
2020-02-25,10000.033321155748
2020-02-26,10000.033321155748
2020-02-27,10000.033321155748
2020-02-28,10000.033321155748
2020-02-29,10000.033321155748
2020-03-01,10000.033321155748
2020-03-02,10000.033321155748
2020-03-03,10000.033321155748
2020-03-04,10000.033321155748
2020-03-05,10000.033321155748
2020-03-06,10000.033321155748
2020-03-07,10000.033321155748
2020-03-08,10000.033321155748
2020-03-09,10000.033104705662
2020-03-10,10000.033730545616
2020-03-11,10000.033730545616
2020-03-12,10000.033730545616
2020-03-13,10000.033462839896
2020-03-14,10000.046418600066
2020-03-15,10000.046418600066
2020-03-16,10000.046418600066
2020-03-17,10000.046418600066
2020-03-18,10000.046418600066
2020-03-19,10000.046418600066
2020-03-20,10000.046418600066
2020-03-21,10000.046418600066
2020-03-22,10000.046418600066
2020-03-23,10000.046418600066
2020-03-24,10000.046418600066
2020-03-25,10000.046418600066
2020-03-26,10000.046418600066
2020-03-27,10000.046418600066
2020-03-28,10000.046418600066
2020-03-29,10000.046418600066
2020-03-30,10000.046418600066
2020-03-31,10000.046418600066
2020-04-01,10000.046418600066
2020-04-02,10000.046418600066
2020-04-03,10000.046418600066
2020-04-04,10000.046418600066
2020-04-05,10000.046418600066
2020-04-06,10000.046418600066
2020-04-07,10000.046145781222
2020-04-08,10000.054178934175
2020-04-09,10000.054178934175
2020-04-10,10000.054178934175
2020-04-11,10000.054178934175
2020-04-12,10000.054178934175
2020-04-13,10000.054178934175
2020-04-14,10000.054178934175
2020-04-15,10000.054178934175
2020-04-16,10000.054178934175
2020-04-17,10000.054178934175
2020-04-18,10000.054178934175
2020-04-19,10000.053941168067
2020-04-20,10000.045570974238
2020-04-21,10000.045570974238
2020-04-22,10000.045570974238
2020-04-23,10000.045570974238
2020-04-24,10000.045570974238
2020-04-25,10000.045307079457
2020-04-26,10000.046928774544
2020-04-27,10000.046845432858
2020-04-28,10000.04766961717
2020-04-29,10000.04766961717
2020-04-30,10000.047095421913
2020-05-01,10000.05872238689
2020-05-02,10000.05872238689
2020-05-03,10000.05872238689
2020-05-04,10000.05872238689
2020-05-05,10000.05872238689
2020-05-06,10000.05872238689
2020-05-07,10000.05872238689
2020-05-08,10000.05872238689
2020-05-09,10000.05872238689
2020-05-10,10000.05872238689
2020-05-11,10000.05872238689
2020-05-12,10000.05872238689
2020-05-13,10000.05872238689
2020-05-14,10000.05872238689
2020-05-15,10000.05872238689
2020-05-16,10000.05872238689
2020-05-17,10000.05872238689
2020-05-18,10000.05872238689
2020-05-19,10000.05872238689
2020-05-20,10000.05872238689
2020-05-21,10000.05872238689
2020-05-22,10000.05872238689
2020-05-23,10000.05872238689
2020-05-24,10000.05872238689
2020-05-25,10000.05872238689
2020-05-26,10000.05872238689
2020-05-27,10000.05872238689
2020-05-28,10000.05872238689
2020-05-29,10000.0583667292
2020-05-30,10000.081650639555
2020-05-31,10000.070269810374
2020-06-01,10000.100263831335
2020-06-02,10000.099631027835
2020-06-03,10000.11137632144
2020-06-04,10000.11137632144
2020-06-05,10000.11137632144
2020-06-06,10000.11137632144
2020-06-07,10000.11137632144
2020-06-08,10000.11137632144
2020-06-09,10000.11137632144
2020-06-10,10000.11137632144
2020-06-11,10000.11137632144
2020-06-12,10000.11137632144
2020-06-13,10000.11137632144
2020-06-14,10000.11137632144
2020-06-15,10000.11137632144
2020-06-16,10000.11137632144
2020-06-17,10000.11137632144
2020-06-18,10000.11137632144
2020-06-19,10000.11137632144
2020-06-20,10000.11137632144
2020-06-21,10000.11137632144
2020-06-22,10000.11137632144
2020-06-23,10000.11137632144
2020-06-24,10000.11137632144
2020-06-25,10000.11137632144
2020-06-26,10000.11137632144
2020-06-27,10000.11137632144
2020-06-28,10000.11137632144
2020-06-29,10000.11137632144
2020-06-30,10000.11137632144
2020-07-01,10000.11137632144
2020-07-02,10000.11137632144
2020-07-03,10000.11137632144
2020-07-04,10000.11137632144
2020-07-05,10000.11137632144
2020-07-06,10000.11137632144
2020-07-07,10000.11137632144
2020-07-08,10000.11137632144
2020-07-09,10000.11137632144
2020-07-10,10000.11137632144
2020-07-11,10000.11137632144
2020-07-12,10000.11137632144
2020-07-13,10000.11137632144
2020-07-14,10000.11137632144
2020-07-15,10000.11137632144
2020-07-16,10000.11137632144
2020-07-17,10000.11137632144
2020-07-18,10000.11137632144
2020-07-19,10000.11137632144
2020-07-20,10000.11137632144
2020-07-21,10000.11137632144
2020-07-22,10000.11137632144
2020-07-23,10000.10987632144
2020-07-24,10000.126354470394
2020-07-25,10000.213300189353
2020-07-26,10000.229552647945
2020-07-27,10000.260263984286
2020-07-28,10000.248838816966
2020-07-29,10000.2511867132
2020-07-30,10000.2511867132
2020-07-31,10000.250246004549
2020-08-01,10000.322196882755
2020-08-02,10000.299319350022
2020-08-03,10000.322030870435
2020-08-04,10000.322030870435
2020-08-05,10000.322030870435
2020-08-06,10000.322030870435
2020-08-07,10000.322030870435
2020-08-08,10000.322030870435
2020-08-09,10000.322030870435
2020-08-10,10000.322030870435
2020-08-11,10000.322030870435
2020-08-12,10000.322030870435
2020-08-13,10000.322030870435
2020-08-14,10000.32142555911
2020-08-15,10000.31769559419
2020-08-16,10000.31749179267
2020-08-17,10000.31749179267
2020-08-18,10000.31749179267
2020-08-19,10000.31749179267
2020-08-20,10000.31749179267
2020-08-21,10000.31749179267
2020-08-22,10000.31749179267
2020-08-23,10000.31749179267
2020-08-24,10000.31749179267
2020-08-25,10000.31749179267
2020-08-26,10000.31749179267
2020-08-27,10000.31749179267
2020-08-28,10000.31749179267
2020-08-29,10000.31749179267
2020-08-30,10000.31749179267
2020-08-31,10000.31749179267
2020-09-01,10000.31749179267
2020-09-02,10000.316666464621
2020-09-03,10000.24785966892
2020-09-04,10000.24785966892
2020-09-05,10000.24785966892
2020-09-06,10000.247690387418
2020-09-07,10000.247718692404
2020-09-08,10000.247718692404
2020-09-09,10000.247718692404
2020-09-10,10000.247718692404
2020-09-11,10000.247718692404
2020-09-12,10000.247718692404
2020-09-13,10000.247718692404
2020-09-14,10000.247718692404
2020-09-15,10000.247718692404
2020-09-16,10000.247718692404
2020-09-17,10000.247718692404
2020-09-18,10000.247718692404
2020-09-19,10000.247718692404
2020-09-20,10000.247718692404
2020-09-21,10000.247718692404
2020-09-22,10000.247718692404
2020-09-23,10000.247718692404
2020-09-24,10000.247718692404
2020-09-25,10000.247718692404
2020-09-26,10000.247718692404
2020-09-27,10000.247718692404
2020-09-28,10000.247718692404
2020-09-29,10000.247718692404
2020-09-30,10000.247718692404
2020-10-01,10000.247718692404
2020-10-02,10000.247718692404
2020-10-03,10000.247718692404
2020-10-04,10000.247718692404
2020-10-05,10000.247718692404
2020-10-06,10000.247718692404
2020-10-07,10000.247718692404
2020-10-08,10000.247718692404
2020-10-09,10000.247718692404
2020-10-10,10000.247718692404
2020-10-11,10000.247718692404
2020-10-12,10000.247718692404
2020-10-13,10000.247368631537
2020-10-14,10000.245973673005
2020-10-15,10000.245973673005
2020-10-16,10000.245973673005
2020-10-17,10000.245973673005
2020-10-18,10000.245973673005
2020-10-19,10000.245973673005
2020-10-20,10000.245973673005
2020-10-21,10000.245973673005
2020-10-22,10000.245973673005
2020-10-23,10000.245626151249
2020-10-24,10000.246800068486
2020-10-25,10000.246800068486
2020-10-26,10000.246800068486
2020-10-27,10000.246800068486
2020-10-28,10000.246800068486
2020-10-29,10000.246800068486
2020-10-30,10000.246800068486
2020-10-31,10000.246800068486
2020-11-01,10000.246800068486
2020-11-02,10000.246800068486
2020-11-03,10000.246800068486
2020-11-04,10000.246800068486
2020-11-05,10000.246800068486
2020-11-06,10000.246800068486
2020-11-07,10000.246217911008
2020-11-08,10000.261527932444
2020-11-09,10000.261527932444
2020-11-10,10000.261527932444
2020-11-11,10000.261527932444
2020-11-12,10000.261527932444
2020-11-13,10000.261527932444
2020-11-14,10000.260952789005
2020-11-15,10000.249886146314
2020-11-16,10000.249886146314
2020-11-17,10000.249886146314
2020-11-18,10000.249306909529
2020-11-19,10000.242402657828
2020-11-20,10000.242402657828
2020-11-21,10000.241490216547
2020-11-22,10000.250990112025
2020-11-23,10000.308774819041
2020-11-24,10000.304856175533
2020-11-25,10000.275892047453
2020-11-26,10000.275892047453
2020-11-27,10000.275892047453
2020-11-28,10000.275892047453
2020-11-29,10000.275892047453
2020-11-30,10000.275892047453
2020-12-01,10000.275892047453
2020-12-02,10000.275892047453
2020-12-03,10000.275892047453
2020-12-04,10000.275892047453
2020-12-05,10000.275892047453
2020-12-06,10000.275892047453
2020-12-07,10000.275892047453
2020-12-08,10000.275892047453
2020-12-09,10000.275892047453
2020-12-10,10000.275892047453
2020-12-11,10000.275892047453
2020-12-12,10000.275892047453
2020-12-13,10000.275892047453
2020-12-14,10000.275892047453
2020-12-15,10000.275892047453
2020-12-16,10000.275892047453
2020-12-17,10000.275002985034
2020-12-18,10000.286014110778
2020-12-19,10000.289023071145
2020-12-20,10000.289023071145
2020-12-21,10000.289023071145
2020-12-22,10000.289023071145
2020-12-23,10000.289023071145
2020-12-24,10000.289023071145
2020-12-25,10000.289023071145
2020-12-26,10000.289023071145
2020-12-27,10000.289023071145
2020-12-28,10000.28839555693
2020-12-29,10000.289038654086
2020-12-30,10000.299582108104
2020-12-31,10000.298988412967
2021-01-01,10000.29440573363
2021-01-02,10000.29440573363
2021-01-03,10000.293811281748
2021-01-04,10000.32010603511
2021-01-05,10000.339199235053
2021-01-06,10000.36535050456
2021-01-07,10000.364947757978
2021-01-08,10000.364623338713
2021-01-09,10000.376503493046
2021-01-10,10000.376503493046
2021-01-11,10000.376503493046
2021-01-12,10000.376503493046
2021-01-13,10000.376503493046
2021-01-14,10000.376503493046
2021-01-15,10000.376503493046
2021-01-16,10000.376503493046
2021-01-17,10000.376503493046
2021-01-18,10000.376503493046
2021-01-19,10000.376503493046
2021-01-20,10000.376212473362
2021-01-21,10000.339329703025
2021-01-22,10000.339329703025
2021-01-23,10000.339329703025
2021-01-24,10000.339329703025
2021-01-25,10000.339329703025
2021-01-26,10000.339329703025
2021-01-27,10000.339329703025
2021-01-28,10000.339329703025
2021-01-29,10000.339329703025
2021-01-30,10000.339329703025
2021-01-31,10000.339329703025
2021-02-01,10000.339329703025
2021-02-02,10000.339329703025
2021-02-03,10000.338943846096
2021-02-04,10000.328699169935
2021-02-05,10000.34958580255
2021-02-06,10000.349085026135
2021-02-07,10000.335925603322
2021-02-08,10000.335925603322
2021-02-09,10000.335925603322
2021-02-10,10000.335925603322
2021-02-11,10000.335925603322
2021-02-12,10000.335925603322
2021-02-13,10000.335372203057
2021-02-14,10000.332983244638
2021-02-15,10000.332983244638
2021-02-16,10000.332983244638
2021-02-17,10000.332983244638
2021-02-18,10000.332983244638
2021-02-19,10000.332402816093
2021-02-20,10000.324381980361
2021-02-21,10000.327115153492
2021-02-22,10000.327115153492
2021-02-23,10000.327115153492
2021-02-24,10000.327115153492
2021-02-25,10000.327115153492
2021-02-26,10000.327115153492
2021-02-27,10000.327115153492
2021-02-28,10000.327115153492
2021-03-01,10000.327115153492
2021-03-02,10000.327115153492
2021-03-03,10000.327115153492
2021-03-04,10000.327115153492
2021-03-05,10000.327115153492
2021-03-06,10000.327115153492
2021-03-07,10000.327115153492
2021-03-08,10000.327115153492
2021-03-09,10000.327115153492
2021-03-10,10000.327115153492
2021-03-11,10000.327115153492
2021-03-12,10000.327115153492
2021-03-13,10000.327115153492
2021-03-14,10000.327115153492
2021-03-15,10000.327115153492
2021-03-16,10000.327115153492
2021-03-17,10000.327115153492
2021-03-18,10000.327115153492
2021-03-19,10000.327115153492
2021-03-20,10000.327115153492
2021-03-21,10000.327115153492
2021-03-22,10000.327115153492
2021-03-23,10000.327115153492
2021-03-24,10000.327115153492
2021-03-25,10000.327115153492
2021-03-26,10000.327115153492
2021-03-27,10000.327115153492
2021-03-28,10000.327115153492
2021-03-29,10000.327115153492
2021-03-30,10000.327115153492
2021-03-31,10000.327115153492
2021-04-01,10000.327115153492
2021-04-02,10000.326848041328
2021-04-03,10000.317309364393
2021-04-04,10000.33327582911
2021-04-05,10000.33327582911
2021-04-06,10000.33327582911
2021-04-07,10000.33327582911
2021-04-08,10000.33327582911
2021-04-09,10000.33327582911
2021-04-10,10000.33327582911
2021-04-11,10000.33327582911
2021-04-12,10000.33327582911
2021-04-13,10000.33327582911
2021-04-14,10000.332437543775
2021-04-15,10000.351718131426
2021-04-16,10000.3312737637
2021-04-17,10000.309651147874
2021-04-18,10000.309651147874
2021-04-19,10000.309651147874
2021-04-20,10000.309651147874
2021-04-21,10000.309651147874
2021-04-22,10000.309651147874
2021-04-23,10000.309651147874
2021-04-24,10000.309651147874
2021-04-25,10000.309651147874
2021-04-26,10000.309651147874
2021-04-27,10000.309651147874
2021-04-28,10000.309253927955
2021-04-29,10000.310266059867
2021-04-30,10000.311424635276
2021-05-01,10000.311424635276
2021-05-02,10000.311016431584
2021-05-03,10000.3551758957
2021-05-04,10000.33918387668
2021-05-05,10000.364462075215
2021-05-06,10000.364462075215
2021-05-07,10000.364462075215
2021-05-08,10000.364462075215
2021-05-09,10000.363809909271
2021-05-10,10000.365752701544
2021-05-11,10000.365752701544
2021-05-12,10000.365752701544
2021-05-13,10000.365752701544
2021-05-14,10000.365752701544
2021-05-15,10000.365752701544
2021-05-16,10000.365752701544
2021-05-17,10000.365752701544
2021-05-18,10000.365752701544
2021-05-19,10000.365752701544
2021-05-20,10000.36567417699
2021-05-21,10000.372234946699
2021-05-22,10000.372234946699
2021-05-23,10000.372234946699
2021-05-24,10000.372234946699
2021-05-25,10000.372234946699
2021-05-26,10000.372234946699
2021-05-27,10000.372234946699
2021-05-28,10000.372234946699
2021-05-29,10000.372234946699
2021-05-30,10000.372234946699
2021-05-31,10000.372234946699
2021-06-01,10000.372234946699
2021-06-02,10000.372234946699
2021-06-03,10000.372234946699
2021-06-04,10000.372234946699
2021-06-05,10000.372234946699
2021-06-06,10000.372234946699
2021-06-07,10000.372234946699
2021-06-08,10000.372234946699
2021-06-09,10000.372234946699
2021-06-10,10000.372234946699
2021-06-11,10000.372234946699
2021-06-12,10000.372234946699
2021-06-13,10000.372234946699
2021-06-14,10000.372234946699
2021-06-15,10000.372234946699
2021-06-16,10000.372234946699
2021-06-17,10000.372234946699
2021-06-18,10000.372234946699
2021-06-19,10000.372234946699
2021-06-20,10000.372234946699
2021-06-21,10000.372234946699
2021-06-22,10000.372071552598
2021-06-23,10000.365217782393
2021-06-24,10000.365217782393
2021-06-25,10000.365217782393
2021-06-26,10000.365217782393
2021-06-27,10000.365217782393
2021-06-28,10000.365217782393
2021-06-29,10000.365217782393
2021-06-30,10000.365217782393
2021-07-01,10000.365217782393
2021-07-02,10000.365217782393
2021-07-03,10000.365217782393
2021-07-04,10000.365217782393
2021-07-05,10000.365217782393
2021-07-06,10000.365217782393
2021-07-07,10000.365217782393
2021-07-08,10000.365217782393
2021-07-09,10000.365217782393
2021-07-10,10000.365217782393
2021-07-11,10000.365217782393
2021-07-12,10000.365217782393
2021-07-13,10000.365217782393
2021-07-14,10000.365217782393
2021-07-15,10000.365217782393
2021-07-16,10000.365217782393
2021-07-17,10000.365217782393
2021-07-18,10000.365217782393
2021-07-19,10000.365217782393
2021-07-20,10000.364975402692
2021-07-21,10000.346551062945
2021-07-22,10000.343556237805
2021-07-23,10000.343556237805
2021-07-24,10000.343556237805
2021-07-25,10000.343556237805
2021-07-26,10000.343556237805
2021-07-27,10000.343556237805
2021-07-28,10000.343556237805
2021-07-29,10000.343556237805
2021-07-30,10000.343556237805
2021-07-31,10000.343346738908
2021-08-01,10000.344758816938
2021-08-02,10000.34737373485
2021-08-03,10000.341529505002
2021-08-04,10000.341529505002
2021-08-05,10000.341110191894
2021-08-06,10000.34739968027
2021-08-07,10000.370699124242
2021-08-08,10000.359482620728
2021-08-09,10000.37152530703
2021-08-10,10000.37152530703
2021-08-11,10000.37152530703
2021-08-12,10000.37152530703
2021-08-13,10000.37152530703
2021-08-14,10000.371149526254
2021-08-15,10000.374230750056
2021-08-16,10000.374230750056
2021-08-17,10000.374230750056
2021-08-18,10000.374230750056
2021-08-19,10000.374230750056
2021-08-20,10000.374230750056
2021-08-21,10000.374230750056
2021-08-22,10000.374230750056
2021-08-23,10000.374230750056
2021-08-24,10000.374230750056
2021-08-25,10000.374230750056
2021-08-26,10000.374230750056
2021-08-27,10000.374230750056
2021-08-28,10000.374230750056
2021-08-29,10000.374230750056
2021-08-30,10000.374230750056
2021-08-31,10000.374230750056
2021-09-01,10000.373355849364
2021-09-02,10000.366688186015
2021-09-03,10000.387857144182
2021-09-04,10000.387050505215
2021-09-05,10000.395138473665
2021-09-06,10000.395138473665
2021-09-07,10000.395138473665
2021-09-08,10000.395138473665
2021-09-09,10000.395138473665
2021-09-10,10000.395138473665
2021-09-11,10000.395138473665
2021-09-12,10000.395138473665
2021-09-13,10000.395138473665
2021-09-14,10000.395138473665
2021-09-15,10000.395138473665
2021-09-16,10000.395138473665
2021-09-17,10000.395138473665
2021-09-18,10000.395138473665
2021-09-19,10000.395138473665
2021-09-20,10000.395138473665
2021-09-21,10000.394989740329
2021-09-22,10000.383727609951
2021-09-23,10000.380373919117
2021-09-24,10000.380373919117
2021-09-25,10000.380373919117
2021-09-26,10000.380373919117
2021-09-27,10000.380373919117
2021-09-28,10000.380373919117
2021-09-29,10000.380373919117
2021-09-30,10000.380373919117
2021-10-01,10000.380373919117
2021-10-02,10000.380373919117
2021-10-03,10000.380373919117
2021-10-04,10000.380373919117
2021-10-05,10000.380373919117
2021-10-06,10000.380373919117
2021-10-07,10000.380373919117
2021-10-08,10000.380373919117
2021-10-09,10000.380373919117
2021-10-10,10000.380373919117
2021-10-11,10000.380373919117
2021-10-12,10000.380373919117
2021-10-13,10000.380373919117
2021-10-14,10000.380373919117
2021-10-15,10000.380106038958
2021-10-16,10000.378614853962
2021-10-17,10000.379153994132
2021-10-18,10000.379153994132
2021-10-19,10000.379153994132
2021-10-20,10000.379153994132
2021-10-21,10000.378282777028
2021-10-22,10000.365357764715
2021-10-23,10000.365357764715
2021-10-24,10000.365357764715
2021-10-25,10000.365357764715
2021-10-26,10000.365357764715
2021-10-27,10000.365357764715
2021-10-28,10000.365357764715
2021-10-29,10000.365357764715
2021-10-30,10000.364625742626
2021-10-31,10000.359654421582
2021-11-01,10000.359654421582
2021-11-02,10000.359654421582
2021-11-03,10000.358914303177
2021-11-04,10000.351431541798
2021-11-05,10000.345050048072
2021-11-06,10000.345050048072
2021-11-07,10000.345050048072
2021-11-08,10000.345050048072
2021-11-09,10000.344187440865
2021-11-10,10000.331314147988
2021-11-11,10000.331314147988
2021-11-12,10000.331314147988
2021-11-13,10000.331314147988
2021-11-14,10000.331314147988
2021-11-15,10000.331314147988
2021-11-16,10000.331314147988
2021-11-17,10000.331314147988
2021-11-18,10000.331314147988
2021-11-19,10000.331093399078
2021-11-20,10000.32702163711
2021-11-21,10000.32702163711
2021-11-22,10000.32702163711
2021-11-23,10000.32702163711
2021-11-24,10000.32702163711
2021-11-25,10000.32702163711
2021-11-26,10000.32702163711
2021-11-27,10000.32702163711
2021-11-28,10000.32702163711
2021-11-29,10000.32702163711
2021-11-30,10000.32702163711
2021-12-01,10000.32702163711
2021-12-02,10000.32702163711
2021-12-03,10000.32702163711
2021-12-04,10000.32702163711
2021-12-05,10000.32702163711
2021-12-06,10000.32702163711
2021-12-07,10000.32702163711
2021-12-08,10000.32702163711
2021-12-09,10000.32702163711
2021-12-10,10000.32702163711
2021-12-11,10000.32702163711
2021-12-12,10000.32702163711
2021-12-13,10000.32702163711
2021-12-14,10000.32702163711
2021-12-15,10000.32702163711
2021-12-16,10000.32702163711
2021-12-17,10000.32702163711
2021-12-18,10000.32702163711
2021-12-19,10000.32702163711
2021-12-20,10000.32702163711
2021-12-21,10000.32702163711
2021-12-22,10000.32702163711
2021-12-23,10000.32702163711
2021-12-24,10000.32702163711
2021-12-25,10000.32702163711
2021-12-26,10000.32702163711
2021-12-27,10000.32702163711
2021-12-28,10000.32702163711
2021-12-29,10000.32702163711
2021-12-30,10000.326714009241
2021-12-31,10000.328089669452
2022-01-01,10000.328089669452
2022-01-02,10000.328089669452
2022-01-03,10000.328089669452
2022-01-04,10000.328089669452
2022-01-05,10000.328089669452
2022-01-06,10000.327769871024
2022-01-07,10000.341772681355
2022-01-08,10000.355293591483
2022-01-09,10000.346855593958
2022-01-10,10000.355078782255
2022-01-11,10000.355078782255
2022-01-12,10000.355078782255
2022-01-13,10000.355078782255
2022-01-14,10000.355078782255
2022-01-15,10000.355078782255
2022-01-16,10000.355078782255
2022-01-17,10000.355078782255
2022-01-18,10000.355078782255
2022-01-19,10000.355078782255
2022-01-20,10000.355078782255
2022-01-21,10000.355078782255
2022-01-22,10000.354410902766
2022-01-23,10000.330282946297
2022-01-24,10000.345334078507
2022-01-25,10000.345334078507
2022-01-26,10000.345334078507
2022-01-27,10000.345334078507
2022-01-28,10000.345334078507
2022-01-29,10000.345334078507
2022-01-30,10000.345334078507
2022-01-31,10000.345334078507
2022-02-01,10000.345334078507
2022-02-02,10000.345334078507
2022-02-03,10000.345334078507
2022-02-04,10000.345334078507
2022-02-05,10000.345334078507
2022-02-06,10000.345334078507
2022-02-07,10000.345334078507
2022-02-08,10000.345334078507
2022-02-09,10000.345334078507
2022-02-10,10000.345334078507
2022-02-11,10000.345334078507
2022-02-12,10000.345334078507
2022-02-13,10000.345334078507
2022-02-14,10000.345334078507
2022-02-15,10000.345334078507
2022-02-16,10000.345334078507
2022-02-17,10000.345334078507
2022-02-18,10000.345334078507
2022-02-19,10000.345334078507
2022-02-20,10000.345334078507
2022-02-21,10000.345334078507
2022-02-22,10000.345078148777
2022-02-23,10000.347952115582
2022-02-24,10000.347952115582
2022-02-25,10000.347952115582
2022-02-26,10000.347952115582
2022-02-27,10000.347952115582
2022-02-28,10000.347952115582
2022-03-01,10000.347952115582
2022-03-02,10000.347952115582
2022-03-03,10000.347952115582
2022-03-04,10000.347952115582
2022-03-05,10000.347952115582
2022-03-06,10000.347952115582
2022-03-07,10000.347952115582
2022-03-08,10000.347952115582
2022-03-09,10000.347952115582
2022-03-10,10000.347952115582
2022-03-11,10000.347952115582
2022-03-12,10000.347952115582
2022-03-13,10000.347952115582
2022-03-14,10000.347952115582
2022-03-15,10000.347952115582
2022-03-16,10000.347952115582
2022-03-17,10000.347952115582
2022-03-18,10000.347952115582
2022-03-19,10000.347952115582
2022-03-20,10000.347952115582
2022-03-21,10000.347952115582
2022-03-22,10000.347952115582
2022-03-23,10000.347952115582
2022-03-24,10000.347952115582
2022-03-25,10000.347595688489
2022-03-26,10000.350031593307
2022-03-27,10000.350031593307
2022-03-28,10000.349280065659
2022-03-29,10000.359093305133
2022-03-30,10000.355979943553
2022-03-31,10000.355979943553
2022-04-01,10000.355979943553
2022-04-02,10000.355979943553
2022-04-03,10000.355979943553
2022-04-04,10000.35525171821
2022-04-05,10000.339433484452
2022-04-06,10000.339433484452
2022-04-07,10000.339433484452
2022-04-08,10000.339433484452
2022-04-09,10000.339433484452
2022-04-10,10000.339433484452
2022-04-11,10000.339433484452
2022-04-12,10000.339433484452
2022-04-13,10000.339433484452
2022-04-14,10000.339433484452
2022-04-15,10000.339433484452
2022-04-16,10000.339433484452
2022-04-17,10000.339433484452
2022-04-18,10000.339433484452
2022-04-19,10000.339433484452
2022-04-20,10000.339433484452
2022-04-21,10000.339433484452
2022-04-22,10000.339433484452
2022-04-23,10000.339433484452
2022-04-24,10000.339433484452
2022-04-25,10000.339433484452
2022-04-26,10000.339433484452
2022-04-27,10000.339433484452
2022-04-28,10000.339433484452
2022-04-29,10000.339433484452
2022-04-30,10000.339433484452
2022-05-01,10000.339118369686
2022-05-02,10000.336558529032
2022-05-03,10000.336558529032
2022-05-04,10000.336558529032
2022-05-05,10000.336558529032
2022-05-06,10000.336558529032
2022-05-07,10000.33591357394
2022-05-08,10000.35517836214
2022-05-09,10000.400754591663
2022-05-10,10000.382586963118
2022-05-11,10000.456015841275
2022-05-12,10000.45536634417
2022-05-13,10000.443644503534
2022-05-14,10000.436430979336
2022-05-15,10000.436430979336
2022-05-16,10000.436430979336
2022-05-17,10000.436430979336
2022-05-18,10000.436430979336
2022-05-19,10000.436430979336
2022-05-20,10000.436430979336
2022-05-21,10000.436430979336
2022-05-22,10000.436430979336
2022-05-23,10000.436430979336
2022-05-24,10000.436430979336
2022-05-25,10000.436430979336
2022-05-26,10000.436430979336
2022-05-27,10000.436430979336
2022-05-28,10000.435627047582
2022-05-29,10000.418226258935
2022-05-30,10000.418226258935
2022-05-31,10000.418226258935
2022-06-01,10000.418226258935
2022-06-02,10000.418226258935
2022-06-03,10000.418226258935
2022-06-04,10000.418226258935
2022-06-05,10000.418226258935
2022-06-06,10000.418226258935
2022-06-07,10000.418226258935
2022-06-08,10000.418226258935
2022-06-09,10000.418226258935
2022-06-10,10000.418226258935
2022-06-11,10000.417403041914
2022-06-12,10000.447591937253
2022-06-13,10000.531739286553
2022-06-14,10000.52866194662
2022-06-15,10000.51980064889
2022-06-16,10000.51980064889
2022-06-17,10000.51980064889
2022-06-18,10000.51980064889
2022-06-19,10000.519432993513
2022-06-20,10000.519019757743
2022-06-21,10000.519019757743
2022-06-22,10000.519019757743
2022-06-23,10000.519019757743
2022-06-24,10000.519019757743
2022-06-25,10000.519019757743
2022-06-26,10000.519019757743
2022-06-27,10000.519019757743
2022-06-28,10000.519019757743
2022-06-29,10000.519019757743
2022-06-30,10000.519019757743
2022-07-01,10000.519019757743
2022-07-02,10000.519019757743
2022-07-03,10000.519019757743
2022-07-04,10000.519019757743
2022-07-05,10000.519019757743
2022-07-06,10000.519019757743
2022-07-07,10000.519019757743
2022-07-08,10000.519019757743
2022-07-09,10000.519019757743
2022-07-10,10000.519019757743
2022-07-11,10000.519019757743
2022-07-12,10000.519019757743
2022-07-13,10000.519019757743
2022-07-14,10000.519019757743
2022-07-15,10000.519019757743
2022-07-16,10000.519019757743
2022-07-17,10000.518808161156
2022-07-18,10000.543896234843
2022-07-19,10000.543686789155
2022-07-20,10000.541416377802
2022-07-21,10000.541416377802
2022-07-22,10000.541416377802
2022-07-23,10000.541416377802
2022-07-24,10000.541416377802
2022-07-25,10000.541416377802
2022-07-26,10000.541416377802
2022-07-27,10000.541416377802
2022-07-28,10000.541416377802
2022-07-29,10000.54123940155
2022-07-30,10000.538915202698
2022-07-31,10000.538915202698
2022-08-01,10000.538915202698
2022-08-02,10000.538915202698
2022-08-03,10000.538915202698
2022-08-04,10000.538915202698
2022-08-05,10000.538915202698
2022-08-06,10000.538915202698
2022-08-07,10000.538915202698
2022-08-08,10000.538915202698
2022-08-09,10000.538439935364
2022-08-10,10000.565633332379
2022-08-11,10000.565140573302
2022-08-12,10000.578415864673
2022-08-13,10000.58276565329
2022-08-14,10000.574594217882
2022-08-15,10000.567925422534
2022-08-16,10000.567925422534
2022-08-17,10000.567925422534
2022-08-18,10000.567925422534
2022-08-19,10000.567925422534
2022-08-20,10000.567925422534
2022-08-21,10000.567925422534
2022-08-22,10000.567925422534
2022-08-23,10000.567925422534
2022-08-24,10000.567925422534
2022-08-25,10000.567925422534
2022-08-26,10000.567925422534
2022-08-27,10000.567683612542
2022-08-28,10000.574228722622
2022-08-29,10000.560493466839
2022-08-30,10000.56326777703
2022-08-31,10000.56326777703
2022-09-01,10000.56326777703
2022-09-02,10000.56326777703
2022-09-03,10000.56326777703
2022-09-04,10000.56326777703
2022-09-05,10000.56326777703
2022-09-06,10000.56326777703
2022-09-07,10000.56326777703
2022-09-08,10000.56326777703
2022-09-09,10000.56326777703
2022-09-10,10000.563014464731
2022-09-11,10000.561645015616
2022-09-12,10000.556709712755
2022-09-13,10000.556709712755
2022-09-14,10000.556709712755
2022-09-15,10000.556709712755
2022-09-16,10000.556709712755
2022-09-17,10000.556709712755
2022-09-18,10000.556709712755
2022-09-19,10000.556213288977
2022-09-20,10000.568421058533
2022-09-21,10000.568421058533
2022-09-22,10000.56794005255
2022-09-23,10000.567255493786
2022-09-24,10000.567255493786
2022-09-25,10000.567255493786
2022-09-26,10000.567255493786
2022-09-27,10000.567255493786
2022-09-28,10000.567255493786
2022-09-29,10000.567255493786
2022-09-30,10000.567255493786
2022-10-01,10000.567255493786
2022-10-02,10000.567255493786
2022-10-03,10000.567255493786
2022-10-04,10000.567255493786
2022-10-05,10000.567255493786
2022-10-06,10000.567255493786
2022-10-07,10000.567255493786
2022-10-08,10000.567255493786
2022-10-09,10000.567255493786
2022-10-10,10000.567255493786
2022-10-11,10000.567255493786
2022-10-12,10000.567255493786
2022-10-13,10000.567255493786
2022-10-14,10000.567255493786
2022-10-15,10000.567255493786
2022-10-16,10000.567255493786
2022-10-17,10000.567255493786
2022-10-18,10000.567255493786
2022-10-19,10000.567255493786
2022-10-20,10000.567255493786
2022-10-21,10000.567255493786
2022-10-22,10000.567255493786
2022-10-23,10000.567255493786
2022-10-24,10000.567255493786
2022-10-25,10000.567255493786
2022-10-26,10000.566953240199
2022-10-27,10000.560239981647
2022-10-28,10000.565184206587
2022-10-29,10000.565184206587
2022-10-30,10000.564862826172
2022-10-31,10000.562107854848
2022-11-01,10000.562107854848
2022-11-02,10000.562107854848
2022-11-03,10000.562107854848
2022-11-04,10000.562107854848
2022-11-05,10000.562107854848
2022-11-06,10000.562107854848
2022-11-07,10000.562107854848
2022-11-08,10000.562107854848
2022-11-09,10000.562107854848
2022-11-10,10000.561525092304
2022-11-11,10000.564525763039
2022-11-12,10000.564525763039
2022-11-13,10000.564525763039
2022-11-14,10000.564525763039
2022-11-15,10000.564525763039
2022-11-16,10000.564525763039
2022-11-17,10000.564525763039
2022-11-18,10000.564525763039
2022-11-19,10000.564525763039
2022-11-20,10000.564525763039
2022-11-21,10000.564525763039
2022-11-22,10000.564525763039
2022-11-23,10000.564525763039
2022-11-24,10000.564525763039
2022-11-25,10000.564525763039
2022-11-26,10000.564525763039
2022-11-27,10000.564525763039
2022-11-28,10000.564525763039
2022-11-29,10000.564525763039
2022-11-30,10000.564525763039
2022-12-01,10000.564525763039
2022-12-02,10000.564525763039
2022-12-03,10000.564525763039
2022-12-04,10000.564525763039
2022-12-05,10000.564525763039
2022-12-06,10000.564525763039
2022-12-07,10000.564525763039
2022-12-08,10000.564525763039
2022-12-09,10000.564525763039
2022-12-10,10000.564525763039
2022-12-11,10000.564525763039
2022-12-12,10000.564525763039
2022-12-13,10000.564525763039
2022-12-14,10000.564071189314
2022-12-15,10000.55366992117
2022-12-16,10000.55366992117
2022-12-17,10000.55366992117
2022-12-18,10000.55366992117
2022-12-19,10000.55366992117
2022-12-20,10000.55366992117
2022-12-21,10000.55366992117
2022-12-22,10000.55366992117
2022-12-23,10000.55366992117
2022-12-24,10000.55366992117
2022-12-25,10000.55366992117
2022-12-26,10000.55366992117
2022-12-27,10000.55366992117
2022-12-28,10000.55366992117
2022-12-29,10000.55366992117
2022-12-30,10000.55366992117
2022-12-31,10000.55366992117
2023-01-01,10000.55366992117
2023-01-02,10000.55366992117
2023-01-03,10000.55366992117
2023-01-04,10000.55366992117
2023-01-05,10000.55366992117
2023-01-06,10000.55366992117
2023-01-07,10000.552810537964
2023-01-08,10000.562414314503
2023-01-09,10000.561531672769
2023-01-10,10000.56823154614
2023-01-11,10000.586574858904
2023-01-12,10000.585168569596
2023-01-13,10000.607435050213
2023-01-14,10000.663055689838
2023-01-15,10000.663938648908
2023-01-16,10000.673795953931
2023-01-17,10000.672843550921
2023-01-18,10000.650695220522
2023-01-19,10000.650695220522
2023-01-20,10000.650695220522
2023-01-21,10000.649883126573
2023-01-22,10000.649491579237
2023-01-23,10000.649491579237
2023-01-24,10000.649491579237
2023-01-25,10000.649491579237
2023-01-26,10000.649491579237
2023-01-27,10000.649491579237
2023-01-28,10000.649491579237
2023-01-29,10000.649491579237
2023-01-30,10000.649491579237
2023-01-31,10000.649491579237
2023-02-01,10000.649491579237
2023-02-02,10000.649491579237
2023-02-03,10000.649491579237
2023-02-04,10000.649491579237
2023-02-05,10000.649491579237
2023-02-06,10000.649491579237
2023-02-07,10000.649491579237
2023-02-08,10000.649491579237
2023-02-09,10000.649491579237
2023-02-10,10000.649491579237
2023-02-11,10000.64908504733
2023-02-12,10000.653005826693
2023-02-13,10000.653005826693
2023-02-14,10000.653005826693
2023-02-15,10000.653005826693
2023-02-16,10000.653005826693
2023-02-17,10000.653005826693
2023-02-18,10000.653005826693
2023-02-19,10000.653005826693
2023-02-20,10000.653005826693
2023-02-21,10000.653005826693
2023-02-22,10000.653005826693
2023-02-23,10000.653005826693
2023-02-24,10000.653005826693
2023-02-25,10000.653005826693
2023-02-26,10000.653005826693
2023-02-27,10000.653005826693
2023-02-28,10000.653005826693
2023-03-01,10000.653005826693
2023-03-02,10000.653005826693
2023-03-03,10000.653005826693
2023-03-04,10000.653005826693
2023-03-05,10000.653005826693
2023-03-06,10000.653005826693
2023-03-07,10000.653005826693
2023-03-08,10000.653005826693
2023-03-09,10000.652500690312
2023-03-10,10000.654658234718
2023-03-11,10000.63127787918
2023-03-12,10000.63127787918
2023-03-13,10000.63127787918
2023-03-14,10000.63127787918
2023-03-15,10000.63096705704
2023-03-16,10000.633288039919
2023-03-17,10000.633288039919
2023-03-18,10000.632407302102
2023-03-19,10000.639498021483
2023-03-20,10000.639498021483
2023-03-21,10000.639498021483
2023-03-22,10000.639498021483
2023-03-23,10000.639498021483
2023-03-24,10000.639498021483
2023-03-25,10000.639498021483
2023-03-26,10000.639498021483
2023-03-27,10000.639498021483
2023-03-28,10000.639498021483
2023-03-29,10000.639498021483
2023-03-30,10000.639498021483
2023-03-31,10000.639498021483
2023-04-01,10000.639498021483
2023-04-02,10000.639498021483
2023-04-03,10000.639498021483
2023-04-04,10000.639498021483
2023-04-05,10000.638415685724
2023-04-06,10000.62473700096
2023-04-07,10000.620711386482
2023-04-08,10000.620711386482
2023-04-09,10000.620711386482
2023-04-10,10000.620711386482
2023-04-11,10000.620711386482
2023-04-12,10000.620711386482
2023-04-13,10000.620711386482
2023-04-14,10000.619341899219
2023-04-15,10000.615358836349
2023-04-16,10000.625697825966
2023-04-17,10000.625697825966
2023-04-18,10000.625697825966
2023-04-19,10000.625697825966
2023-04-20,10000.625697825966
2023-04-21,10000.625697825966
2023-04-22,10000.625697825966
2023-04-23,10000.625697825966
2023-04-24,10000.625697825966
2023-04-25,10000.625697825966
2023-04-26,10000.625697825966
2023-04-27,10000.625697825966
2023-04-28,10000.625697825966
2023-04-29,10000.625697825966
2023-04-30,10000.625697825966
2023-05-01,10000.625697825966
2023-05-02,10000.625697825966
2023-05-03,10000.625697825966
2023-05-04,10000.625697825966
2023-05-05,10000.625697825966
2023-05-06,10000.625697825966
2023-05-07,10000.625697825966
2023-05-08,10000.625697825966
2023-05-09,10000.625697825966
2023-05-10,10000.625697825966
2023-05-11,10000.625697825966
2023-05-12,10000.625697825966
2023-05-13,10000.625697825966
2023-05-14,10000.625697825966
2023-05-15,10000.625697825966
2023-05-16,10000.625697825966
2023-05-17,10000.625697825966
2023-05-18,10000.625697825966
2023-05-19,10000.625697825966
2023-05-20,10000.625697825966
2023-05-21,10000.625697825966
2023-05-22,10000.625697825966
2023-05-23,10000.625697825966
2023-05-24,10000.625697825966
2023-05-25,10000.625697825966
2023-05-26,10000.625697825966
2023-05-27,10000.625697825966
2023-05-28,10000.625697825966
2023-05-29,10000.625136115557
2023-05-30,10000.626146711276
2023-05-31,10000.626146711276
2023-06-01,10000.626146711276
2023-06-02,10000.626146711276
2023-06-03,10000.626146711276
2023-06-04,10000.626146711276
2023-06-05,10000.626146711276
2023-06-06,10000.626146711276
2023-06-07,10000.626146711276
2023-06-08,10000.626146711276
2023-06-09,10000.626146711276
2023-06-10,10000.626146711276
2023-06-11,10000.625695068105
2023-06-12,10000.627053123793
2023-06-13,10000.627053123793
2023-06-14,10000.627053123793
2023-06-15,10000.62617446954
2023-06-16,10000.607190280723
2023-06-17,10000.607190280723
2023-06-18,10000.607190280723
2023-06-19,10000.607190280723
2023-06-20,10000.607190280723
2023-06-21,10000.607190280723
2023-06-22,10000.607190280723
2023-06-23,10000.607190280723
2023-06-24,10000.607190280723
2023-06-25,10000.607190280723
2023-06-26,10000.607190280723
2023-06-27,10000.607190280723
2023-06-28,10000.607190280723
2023-06-29,10000.607190280723
2023-06-30,10000.607190280723
2023-07-01,10000.606331096238
2023-07-02,10000.609303008641
2023-07-03,10000.609303008641
2023-07-04,10000.609303008641
2023-07-05,10000.609303008641
2023-07-06,10000.609303008641
2023-07-07,10000.609303008641
2023-07-08,10000.609303008641
2023-07-09,10000.609303008641
2023-07-10,10000.609303008641
2023-07-11,10000.609303008641
2023-07-12,10000.609303008641
2023-07-13,10000.609303008641
2023-07-14,10000.60838321722
2023-07-15,10000.604971724615
2023-07-16,10000.604971724615
2023-07-17,10000.604971724615
2023-07-18,10000.604971724615
2023-07-19,10000.604971724615
2023-07-20,10000.604971724615
2023-07-21,10000.604971724615
2023-07-22,10000.604971724615
2023-07-23,10000.604971724615
2023-07-24,10000.604971724615
2023-07-25,10000.604971724615
2023-07-26,10000.604971724615
2023-07-27,10000.604971724615
2023-07-28,10000.604971724615
2023-07-29,10000.604971724615
2023-07-30,10000.604971724615
2023-07-31,10000.604971724615
2023-08-01,10000.604971724615
2023-08-02,10000.604971724615
2023-08-03,10000.604971724615
2023-08-04,10000.604971724615
2023-08-05,10000.604971724615
2023-08-06,10000.604971724615
2023-08-07,10000.604971724615
2023-08-08,10000.604971724615
2023-08-09,10000.604971724615
2023-08-10,10000.604971724615
2023-08-11,10000.604971724615
2023-08-12,10000.604971724615
2023-08-13,10000.604971724615
2023-08-14,10000.604971724615
2023-08-15,10000.604971724615
2023-08-16,10000.604971724615
2023-08-17,10000.604971724615
2023-08-18,10000.604362124628
2023-08-19,10000.601585538976
2023-08-20,10000.601585538976
2023-08-21,10000.601585538976
2023-08-22,10000.601585538976
2023-08-23,10000.601585538976
2023-08-24,10000.601585538976
2023-08-25,10000.601585538976
2023-08-26,10000.601585538976
2023-08-27,10000.601585538976
2023-08-28,10000.601585538976
2023-08-29,10000.601585538976
2023-08-30,10000.601585538976
2023-08-31,10000.601585538976
2023-09-01,10000.601585538976
2023-09-02,10000.601585538976
2023-09-03,10000.601585538976
2023-09-04,10000.601585538976
2023-09-05,10000.601585538976
2023-09-06,10000.601585538976
2023-09-07,10000.601585538976
2023-09-08,10000.601585538976
2023-09-09,10000.601585538976
2023-09-10,10000.601585538976
2023-09-11,10000.601585538976
2023-09-12,10000.600085538976
2023-09-13,10000.588616469187
2023-09-14,10000.588616469187
2023-09-15,10000.588616469187
2023-09-16,10000.588616469187
2023-09-17,10000.588616469187
2023-09-18,10000.588616469187
2023-09-19,10000.588616469187
2023-09-20,10000.588616469187
2023-09-21,10000.588616469187
2023-09-22,10000.588616469187
2023-09-23,10000.588616469187
2023-09-24,10000.588616469187
2023-09-25,10000.588616469187
2023-09-26,10000.588616469187
2023-09-27,10000.588616469187
2023-09-28,10000.588616469187
2023-09-29,10000.588616469187
2023-09-30,10000.588616469187
2023-10-01,10000.588616469187
2023-10-02,10000.588043440488
2023-10-03,10000.585876343148
2023-10-04,10000.585876343148
2023-10-05,10000.585876343148
2023-10-06,10000.585876343148
2023-10-07,10000.585876343148
2023-10-08,10000.585876343148
2023-10-09,10000.585876343148
2023-10-10,10000.585876343148
2023-10-11,10000.585876343148
2023-10-12,10000.585876343148
2023-10-13,10000.585364215374
2023-10-14,10000.584087610998
2023-10-15,10000.584087610998
2023-10-16,10000.584087610998
2023-10-17,10000.584087610998
2023-10-18,10000.584087610998
2023-10-19,10000.584087610998
2023-10-20,10000.584087610998
2023-10-21,10000.584087610998
2023-10-22,10000.584087610998
2023-10-23,10000.584087610998
2023-10-24,10000.58315130187
2023-10-25,10000.583250446114
2023-10-26,10000.583250446114
2023-10-27,10000.583250446114
2023-10-28,10000.583250446114
2023-10-29,10000.583250446114
2023-10-30,10000.583250446114
2023-10-31,10000.583250446114
2023-11-01,10000.583250446114
2023-11-02,10000.583250446114
2023-11-03,10000.583250446114
2023-11-04,10000.583250446114
2023-11-05,10000.583250446114
2023-11-06,10000.582160566404
2023-11-07,10000.576591037396
2023-11-08,10000.576591037396
2023-11-09,10000.576591037396
2023-11-10,10000.57534720972
2023-11-11,10000.563898822891
2023-11-12,10000.563898822891
2023-11-13,10000.563898822891
2023-11-14,10000.563898822891
2023-11-15,10000.563898822891
2023-11-16,10000.563898822891
2023-11-17,10000.563898822891
2023-11-18,10000.563898822891
2023-11-19,10000.563898822891
2023-11-20,10000.563898822891
2023-11-21,10000.563898822891
2023-11-22,10000.563898822891
2023-11-23,10000.563898822891
2023-11-24,10000.563898822891
2023-11-25,10000.563898822891
2023-11-26,10000.563898822891
2023-11-27,10000.563898822891
2023-11-28,10000.563898822891
2023-11-29,10000.563898822891
2023-11-30,10000.563898822891
2023-12-01,10000.563898822891
2023-12-02,10000.563898822891
2023-12-03,10000.56264053721
2023-12-04,10000.581578341256
2023-12-05,10000.600616161824
2023-12-06,10000.577492292097
2023-12-07,10000.622833456753
2023-12-08,10000.621599124624
2023-12-09,10000.614239827557
2023-12-10,10000.614239827557
2023-12-11,10000.614239827557
2023-12-12,10000.614239827557
2023-12-13,10000.614239827557
2023-12-14,10000.614239827557
2023-12-15,10000.614239827557
2023-12-16,10000.614239827557
2023-12-17,10000.614239827557
2023-12-18,10000.614239827557
2023-12-19,10000.614239827557
2023-12-20,10000.614239827557
2023-12-21,10000.614239827557
2023-12-22,10000.614239827557
2023-12-23,10000.614239827557
2023-12-24,10000.614239827557
2023-12-25,10000.614239827557
2023-12-26,10000.614239827557
2023-12-27,10000.614239827557
2023-12-28,10000.614239827557
2023-12-29,10000.614239827557
2023-12-30,10000.614239827557
2023-12-31,10000.614239827557
2024-01-01,10000.614239827557
2024-01-02,10000.614239827557
2024-01-03,10000.614239827557
2024-01-04,10000.614239827557
2024-01-05,10000.614239827557
2024-01-06,10000.614239827557
2024-01-07,10000.614239827557
2024-01-08,10000.614239827557
2024-01-09,10000.614239827557
2024-01-10,10000.614239827557
2024-01-11,10000.613475501828
2024-01-12,10000.594201507616
2024-01-13,10000.594201507616
2024-01-14,10000.594201507616
2024-01-15,10000.594201507616
2024-01-16,10000.594201507616
2024-01-17,10000.594201507616
2024-01-18,10000.594201507616
2024-01-19,10000.594201507616
2024-01-20,10000.594201507616
2024-01-21,10000.594201507616
2024-01-22,10000.594201507616
2024-01-23,10000.594201507616
2024-01-24,10000.594201507616
2024-01-25,10000.594201507616
2024-01-26,10000.594201507616
2024-01-27,10000.594201507616
2024-01-28,10000.594201507616
2024-01-29,10000.594201507616
2024-01-30,10000.594201507616
2024-01-31,10000.594201507616
2024-02-01,10000.594201507616
2024-02-02,10000.594201507616
2024-02-03,10000.594201507616
2024-02-04,10000.594201507616
2024-02-05,10000.594201507616
2024-02-06,10000.594201507616
2024-02-07,10000.594201507616
2024-02-08,10000.594201507616
2024-02-09,10000.594201507616
2024-02-10,10000.594201507616
2024-02-11,10000.594201507616
2024-02-12,10000.594201507616
2024-02-13,10000.593737432995
2024-02-14,10000.609164959986
2024-02-15,10000.607787615876
2024-02-16,10000.60106193513
2024-02-17,10000.594151427002
2024-02-18,10000.594151427002
2024-02-19,10000.592904896605
2024-02-20,10000.612647007647
2024-02-21,10000.600932332765
2024-02-22,10000.599935039578
2024-02-23,10000.599935039578
2024-02-24,10000.599935039578
2024-02-25,10000.599935039578
2024-02-26,10000.598872599036
2024-02-27,10000.61347199715
2024-02-28,10000.644510399232
2024-02-29,10000.635256139583
2024-03-01,10000.652470201021
2024-03-02,10000.652470201021
2024-03-03,10000.652470201021
2024-03-04,10000.652470201021
2024-03-05,10000.65152913231
2024-03-06,10000.697224896508
2024-03-07,10000.697224896508
2024-03-08,10000.697224896508
2024-03-09,10000.697224896508
2024-03-10,10000.697224896508
2024-03-11,10000.697224896508
2024-03-12,10000.696628694057
2024-03-13,10000.698647197947
2024-03-14,10000.698647197947
2024-03-15,10000.698647197947
2024-03-16,10000.698647197947
2024-03-17,10000.698647197947
2024-03-18,10000.698647197947
2024-03-19,10000.698647197947
2024-03-20,10000.698440104661
2024-03-21,10000.699007328794
2024-03-22,10000.699007328794
2024-03-23,10000.699007328794
2024-03-24,10000.699007328794
2024-03-25,10000.699007328794
2024-03-26,10000.699007328794
2024-03-27,10000.699007328794
2024-03-28,10000.699007328794
2024-03-29,10000.699007328794
2024-03-30,10000.699007328794
2024-03-31,10000.699007328794
2024-04-01,10000.699007328794
2024-04-02,10000.699007328794
2024-04-03,10000.699007328794
2024-04-04,10000.699007328794
2024-04-05,10000.699007328794
2024-04-06,10000.699007328794
2024-04-07,10000.699007328794
2024-04-08,10000.699007328794
2024-04-09,10000.698711733523
2024-04-10,10000.700584788949
2024-04-11,10000.700584788949
2024-04-12,10000.700584788949
2024-04-13,10000.700584788949
2024-04-14,10000.70037775285
2024-04-15,10000.7025629087
2024-04-16,10000.7025629087
2024-04-17,10000.7025629087
2024-04-18,10000.7025629087
2024-04-19,10000.7025629087
2024-04-20,10000.7025629087
2024-04-21,10000.7025629087
2024-04-22,10000.7025629087
2024-04-23,10000.7025629087
2024-04-24,10000.7025629087
2024-04-25,10000.7025629087
2024-04-26,10000.7025629087
2024-04-27,10000.7025629087
2024-04-28,10000.7025629087
2024-04-29,10000.7025629087
2024-04-30,10000.7025629087
2024-05-01,10000.7025629087
2024-05-02,10000.7025629087
2024-05-03,10000.7025629087
2024-05-04,10000.7025629087
2024-05-05,10000.7025629087
2024-05-06,10000.7025629087
2024-05-07,10000.7025629087
2024-05-08,10000.7025629087
2024-05-09,10000.7025629087
2024-05-10,10000.7025629087
2024-05-11,10000.7025629087
2024-05-12,10000.7025629087
2024-05-13,10000.7025629087
2024-05-14,10000.7025629087
2024-05-15,10000.7025629087
2024-05-16,10000.7025629087
2024-05-17,10000.7025629087
2024-05-18,10000.7025629087
2024-05-19,10000.7025629087
2024-05-20,10000.7025629087
2024-05-21,10000.702260074871
2024-05-22,10000.699484528575
2024-05-23,10000.70316831319
2024-05-24,10000.70316831319
2024-05-25,10000.70316831319
2024-05-26,10000.70316831319
2024-05-27,10000.70316831319
2024-05-28,10000.70316831319
2024-05-29,10000.70316831319
2024-05-30,10000.70316831319
2024-05-31,10000.70316831319
2024-06-01,10000.70316831319
2024-06-02,10000.70316831319
2024-06-03,10000.70316831319
2024-06-04,10000.70316831319
2024-06-05,10000.70316831319
2024-06-06,10000.70316831319
2024-06-07,10000.70316831319
2024-06-08,10000.70316831319
2024-06-09,10000.70316831319
2024-06-10,10000.70316831319
2024-06-11,10000.70316831319
2024-06-12,10000.702719260355
2024-06-13,10000.709808221956
2024-06-14,10000.709808221956
2024-06-15,10000.709808221956
2024-06-16,10000.709808221956
2024-06-17,10000.709808221956
2024-06-18,10000.709808221956
2024-06-19,10000.709808221956
2024-06-20,10000.709808221956
2024-06-21,10000.709808221956
2024-06-22,10000.709808221956
2024-06-23,10000.709808221956
2024-06-24,10000.709808221956
2024-06-25,10000.709464095227
2024-06-26,10000.710801099576
2024-06-27,10000.710801099576
2024-06-28,10000.710801099576
2024-06-29,10000.710801099576
2024-06-30,10000.710801099576
2024-07-01,10000.710801099576
2024-07-02,10000.710801099576
2024-07-03,10000.710801099576
2024-07-04,10000.710801099576
2024-07-05,10000.710369277034
2024-07-06,10000.701836820806
2024-07-07,10000.711776274899
2024-07-08,10000.711776274899
2024-07-09,10000.711776274899
2024-07-10,10000.711776274899
2024-07-11,10000.711776274899
2024-07-12,10000.711776274899
2024-07-13,10000.711776274899
2024-07-14,10000.711776274899
2024-07-15,10000.711776274899
2024-07-16,10000.711776274899
2024-07-17,10000.711776274899
2024-07-18,10000.711776274899
2024-07-19,10000.711776274899
2024-07-20,10000.711776274899
2024-07-21,10000.711776274899
2024-07-22,10000.711776274899
2024-07-23,10000.711776274899
2024-07-24,10000.711776274899
2024-07-25,10000.711776274899
2024-07-26,10000.711776274899
2024-07-27,10000.711776274899
2024-07-28,10000.711776274899
2024-07-29,10000.711776274899
2024-07-30,10000.711776274899
2024-07-31,10000.711776274899
2024-08-01,10000.711776274899
2024-08-02,10000.711776274899
2024-08-03,10000.71145677576
2024-08-04,10000.727333193538
2024-08-05,10000.747968450856
2024-08-06,10000.737897555664
2024-08-07,10000.753994522558
2024-08-08,10000.753994522558
2024-08-09,10000.753994522558
2024-08-10,10000.753994522558
2024-08-11,10000.753994522558
2024-08-12,10000.753994522558
2024-08-13,10000.753994522558
2024-08-14,10000.753994522558
2024-08-15,10000.753994522558
2024-08-16,10000.753994522558
2024-08-17,10000.753994522558
2024-08-18,10000.753994522558
2024-08-19,10000.753994522558
2024-08-20,10000.753994522558
2024-08-21,10000.753994522558
2024-08-22,10000.753994522558
2024-08-23,10000.753994522558
2024-08-24,10000.753994522558
2024-08-25,10000.753994522558
2024-08-26,10000.753994522558
2024-08-27,10000.753994522558
2024-08-28,10000.753994522558
2024-08-29,10000.753994522558
2024-08-30,10000.753994522558
2024-08-31,10000.753994522558
2024-09-01,10000.753994522558
2024-09-02,10000.753994522558
2024-09-03,10000.753994522558
2024-09-04,10000.753994522558
2024-09-05,10000.753994522558
2024-09-06,10000.753994522558
2024-09-07,10000.753733271602
2024-09-08,10000.751661730845
2024-09-09,10000.751661730845
2024-09-10,10000.751661730845
2024-09-11,10000.751661730845
2024-09-12,10000.751661730845
2024-09-13,10000.751661730845
2024-09-14,10000.751661730845
2024-09-15,10000.751661730845
2024-09-16,10000.751661730845
2024-09-17,10000.751661730845
2024-09-18,10000.751661730845
2024-09-19,10000.751661730845
2024-09-20,10000.751661730845
2024-09-21,10000.751661730845
2024-09-22,10000.75132164252
2024-09-23,10000.75674732917
2024-09-24,10000.756421826976
2024-09-25,10000.749967604748
2024-09-26,10000.749967604748
2024-09-27,10000.749967604748
2024-09-28,10000.749967604748
2024-09-29,10000.749967604748
2024-09-30,10000.749967604748
2024-10-01,10000.749967604748
2024-10-02,10000.749967604748
2024-10-03,10000.749967604748
2024-10-04,10000.749967604748
2024-10-05,10000.749967604748
2024-10-06,10000.749967604748
2024-10-07,10000.749967604748
2024-10-08,10000.749967604748
2024-10-09,10000.749967604748
2024-10-10,10000.749967604748
2024-10-11,10000.749967604748
2024-10-12,10000.749967604748
2024-10-13,10000.749967604748
2024-10-14,10000.749967604748
2024-10-15,10000.749967604748
2024-10-16,10000.749967604748
2024-10-17,10000.749967604748
2024-10-18,10000.749967604748
2024-10-19,10000.749967604748
2024-10-20,10000.749967604748
2024-10-21,10000.74921097442
2024-10-22,10000.739841820481
2024-10-23,10000.739841820481
2024-10-24,10000.739841820481
2024-10-25,10000.739841820481
2024-10-26,10000.739841820481
2024-10-27,10000.739841820481
2024-10-28,10000.739841820481
2024-10-29,10000.739841820481
2024-10-30,10000.739841820481
2024-10-31,10000.739841820481
2024-11-01,10000.739841820481
2024-11-02,10000.739841820481
2024-11-03,10000.739841820481
2024-11-04,10000.739841820481
2024-11-05,10000.739841820481
2024-11-06,10000.739841820481
2024-11-07,10000.739841820481
2024-11-08,10000.739251515311
2024-11-09,10000.76168271219
2024-11-10,10000.769829473362
2024-11-11,10000.79371979504
2024-11-12,10000.778499954133
2024-11-13,10000.768288949605
2024-11-14,10000.768288949605
2024-11-15,10000.768288949605
2024-11-16,10000.768288949605
2024-11-17,10000.768288949605
2024-11-18,10000.768288949605
2024-11-19,10000.768288949605
2024-11-20,10000.768288949605
2024-11-21,10000.768288949605
2024-11-22,10000.768288949605
2024-11-23,10000.768288949605
2024-11-24,10000.768288949605
2024-11-25,10000.768288949605
2024-11-26,10000.768288949605
2024-11-27,10000.768288949605
2024-11-28,10000.767529823437
2024-11-29,10000.768705066906
2024-11-30,10000.768705066906
2024-12-01,10000.767911725181
2024-12-02,10000.757574684918
2024-12-03,10000.757574684918
2024-12-04,10000.757574684918
2024-12-05,10000.756806401068
2024-12-06,10000.782219013503
2024-12-07,10000.78145914498
2024-12-08,10000.781080469154
2024-12-09,10000.781080469154
2024-12-10,10000.781080469154
2024-12-11,10000.781080469154
2024-12-12,10000.781080469154
2024-12-13,10000.781080469154
2024-12-14,10000.781080469154
2024-12-15,10000.781080469154
2024-12-16,10000.781080469154
2024-12-17,10000.781080469154
2024-12-18,10000.781080469154
2024-12-19,10000.781080469154
2024-12-20,10000.780853128957
2024-12-21,10000.786502262024
2024-12-22,10000.786502262024
2024-12-23,10000.786502262024
2024-12-24,10000.786502262024
2024-12-25,10000.786502262024
2024-12-26,10000.786502262024
2024-12-27,10000.786502262024
2024-12-28,10000.786502262024
2024-12-29,10000.786502262024
2024-12-30,10000.786502262024
2024-12-31,10000.786502262024
2025-01-01,10000.786502262024
2025-01-02,10000.786502262024
2025-01-03,10000.786502262024
2025-01-04,10000.786502262024
2025-01-05,10000.786502262024
2025-01-06,10000.786502262024
2025-01-07,10000.786502262024
2025-01-08,10000.786502262024
2025-01-09,10000.786502262024
2025-01-10,10000.786502262024
2025-01-11,10000.786502262024
2025-01-12,10000.786502262024
2025-01-13,10000.786502262024
2025-01-14,10000.78624715243
2025-01-15,10000.773990133053
2025-01-16,10000.773990133053
2025-01-17,10000.773990133053
2025-01-18,10000.773990133053
2025-01-19,10000.773990133053
2025-01-20,10000.773990133053
2025-01-21,10000.773990133053
2025-01-22,10000.773990133053
2025-01-23,10000.773990133053
2025-01-24,10000.773990133053
2025-01-25,10000.773990133053
2025-01-26,10000.773990133053
2025-01-27,10000.773990133053
2025-01-28,10000.773990133053
2025-01-29,10000.773990133053
2025-01-30,10000.773990133053
2025-01-31,10000.773990133053
2025-02-01,10000.773990133053
2025-02-02,10000.773990133053
2025-02-03,10000.77354809126
2025-02-04,10000.788322442835
2025-02-05,10000.788322442835
2025-02-06,10000.788322442835
2025-02-07,10000.788322442835
2025-02-08,10000.788322442835
2025-02-09,10000.788322442835
2025-02-10,10000.788322442835
2025-02-11,10000.788322442835
2025-02-12,10000.788322442835
2025-02-13,10000.788322442835
2025-02-14,10000.788322442835
2025-02-15,10000.788322442835
2025-02-16,10000.788322442835
2025-02-17,10000.788322442835
2025-02-18,10000.788322442835
2025-02-19,10000.788322442835
2025-02-20,10000.788322442835
2025-02-21,10000.788322442835
2025-02-22,10000.788322442835
2025-02-23,10000.788322442835
2025-02-24,10000.788322442835
2025-02-25,10000.788078562102
2025-02-26,10000.798374263104
2025-02-27,10000.798374263104
2025-02-28,10000.798374263104
2025-03-01,10000.798374263104
2025-03-02,10000.798374263104
2025-03-03,10000.798374263104
2025-03-04,10000.798374263104
2025-03-05,10000.798374263104
2025-03-06,10000.798374263104
2025-03-07,10000.798374263104
2025-03-08,10000.798374263104
2025-03-09,10000.798374263104
2025-03-10,10000.798374263104
2025-03-11,10000.797945710385
2025-03-12,10000.79907694514
2025-03-13,10000.79907694514
2025-03-14,10000.79907694514
2025-03-15,10000.79907694514
2025-03-16,10000.79907694514
2025-03-17,10000.79907694514
2025-03-18,10000.79907694514
2025-03-19,10000.79907694514
2025-03-20,10000.79907694514
2025-03-21,10000.79907694514
2025-03-22,10000.79907694514
2025-03-23,10000.79907694514
2025-03-24,10000.79907694514
2025-03-25,10000.79907694514
2025-03-26,10000.79907694514
2025-03-27,10000.79907694514
2025-03-28,10000.79907694514
2025-03-29,10000.79907694514
2025-03-30,10000.79907694514
2025-03-31,10000.79907694514
2025-04-01,10000.79907694514
2025-04-02,10000.79907694514
2025-04-03,10000.79907694514
2025-04-04,10000.79907694514
2025-04-05,10000.79907694514
2025-04-06,10000.79907694514
2025-04-07,10000.798337130158
2025-04-08,10000.823722068753
2025-04-09,10000.823722068753
2025-04-10,10000.823722068753
2025-04-11,10000.823722068753
2025-04-12,10000.823722068753
2025-04-13,10000.823722068753
2025-04-14,10000.823722068753
2025-04-15,10000.823722068753
2025-04-16,10000.823722068753
2025-04-17,10000.823722068753
2025-04-18,10000.823722068753
2025-04-19,10000.823722068753
2025-04-20,10000.823722068753
2025-04-21,10000.823722068753
2025-04-22,10000.823722068753
2025-04-23,10000.823722068753
2025-04-24,10000.823722068753
2025-04-25,10000.823722068753
2025-04-26,10000.823722068753
2025-04-27,10000.823722068753
2025-04-28,10000.823722068753
2025-04-29,10000.823722068753
2025-04-30,10000.823722068753
2025-05-01,10000.823722068753
2025-05-02,10000.823722068753
2025-05-03,10000.823722068753
2025-05-04,10000.823722068753
2025-05-05,10000.823722068753
2025-05-06,10000.823722068753
2025-05-07,10000.823722068753
2025-05-08,10000.823722068753
2025-05-09,10000.823153716505
2025-05-10,10000.861425844316
2025-05-11,10000.852490817473
2025-05-12,10000.850351293382
2025-05-13,10000.850351293382
2025-05-14,10000.849955153008
2025-05-15,10000.843163620462
2025-05-16,10000.843163620462
2025-05-17,10000.843163620462
2025-05-18,10000.843163620462
2025-05-19,10000.843163620462
2025-05-20,10000.843163620462
2025-05-21,10000.843163620462
2025-05-22,10000.843163620462
2025-05-23,10000.843163620462
2025-05-24,10000.843163620462
2025-05-25,10000.843163620462
2025-05-26,10000.843163620462
2025-05-27,10000.843163620462
2025-05-28,10000.843163620462
2025-05-29,10000.843163620462
2025-05-30,10000.843163620462
2025-05-31,10000.843163620462
2025-06-01,10000.843163620462
2025-06-02,10000.843163620462
2025-06-03,10000.843163620462
2025-06-04,10000.843163620462
2025-06-05,10000.843163620462
2025-06-06,10000.843163620462
2025-06-07,10000.843163620462
2025-06-08,10000.843163620462
2025-06-09,10000.843163620462
2025-06-10,10000.843163620462
2025-06-11,10000.842276040632
2025-06-12,10000.815417036489
2025-06-13,10000.815417036489
2025-06-14,10000.815417036489
2025-06-15,10000.815417036489
2025-06-16,10000.815417036489
2025-06-17,10000.815417036489
2025-06-18,10000.815417036489
2025-06-19,10000.815417036489
2025-06-20,10000.815417036489
2025-06-21,10000.815417036489
2025-06-22,10000.815176532478
2025-06-23,10000.800972449066
2025-06-24,10000.800972449066
2025-06-25,10000.800972449066
2025-06-26,10000.800972449066
2025-06-27,10000.800972449066
2025-06-28,10000.800972449066
2025-06-29,10000.800972449066
2025-06-30,10000.800972449066
2025-07-01,10000.800972449066
2025-07-02,10000.800972449066
2025-07-03,10000.800972449066
2025-07-04,10000.800972449066
2025-07-05,10000.800972449066
2025-07-06,10000.800972449066
2025-07-07,10000.800972449066
2025-07-08,10000.800972449066
2025-07-09,10000.800972449066
2025-07-10,10000.8006365717
2025-07-11,10000.80086701994
2025-07-12,10000.796464740239
2025-07-13,10000.796464740239
2025-07-14,10000.796464740239
2025-07-15,10000.796464740239
2025-07-16,10000.795520398213
2025-07-17,10000.815178878414
2025-07-18,10000.828259208145
2025-07-19,10000.83621688224
2025-07-20,10000.862461709703
